{
    "model": "./",
    "optimizer": "Adam",
    "criterion": "MSELoss",
    "dataset_size": 10000,
    "train_size": 9000.0,
    "test_size": 1000.0,
    "n_epoch": 200,
    "batch_size": 32,
    "learning_rate": 5e-05,
    "train_loss": [
        21551.25432180849,
        20385.595155972947,
        19550.293467420208,
        18756.661693816466,
        17985.42519254211,
        17232.801924035914,
        16592.651727338205,
        15835.096132535458,
        15166.262255513062,
        14488.187991744238,
        13935.442736037226,
        13278.65768367686,
        12737.780588569382,
        12260.961917525492,
        11757.134599401601,
        11209.348102975402,
        10756.590432457891,
        10351.748164616585,
        9985.80586491578,
        9593.489250886525,
        9281.32537192487,
        8960.47588375443,
        8627.06432326296,
        8325.719492810837,
        8068.256822085556,
        7855.5947698498385,
        7648.588685380654,
        7566.313228958894,
        7275.225201545881,
        7153.507209940158,
        7121.1698872451225,
        6992.68949814384,
        6949.844423551084,
        6846.411157053411,
        6814.880871495457,
        6787.408275847737,
        6812.897938829784,
        6691.5874802609715,
        6693.519545101948,
        6657.242050711992,
        6653.053645140737,
        6591.37336027538,
        6561.363759142287,
        6433.79354706893,
        6346.856379515738,
        6303.080053884088,
        6269.725094193261,
        6101.551174299088,
        6023.077589968415,
        5916.854132036794,
        5888.203310269837,
        5709.01961955619,
        5592.437555407802,
        5513.161141469968,
        5463.608592364805,
        5295.622515306405,
        5307.32671902704,
        5130.0389638048555,
        5069.447217143173,
        4936.35218756926,
        4792.709768741691,
        4760.626122007979,
        4737.158835120234,
        4493.769125214705,
        4408.3279414616545,
        4334.350495899819,
        4241.119333686555,
        4155.623896172705,
        4113.523693761082,
        4012.1930641553076,
        3883.8953121536956,
        3839.994436710439,
        3761.857729215149,
        3707.6033424756197,
        3698.0226600592864,
        3623.2480191711,
        3638.0825351146927,
        3540.888526429518,
        3516.9140469165554,
        3483.6724152260635,
        3351.5279887314396,
        3326.48204267786,
        3343.3154790350745,
        3240.318929902206,
        3204.665045988478,
        3143.246021893007,
        3060.271983045211,
        3035.577958776596,
        2997.870782946864,
        2954.0453339705214,
        2851.107388976616,
        2783.1016282967635,
        2799.403318581007,
        2694.0220419160037,
        2626.1963072431845,
        2661.2369670462103,
        2581.436115670713,
        2582.5417601673303,
        2527.0564137993138,
        2477.57741335605,
        2444.4830573332233,
        2401.8154725419727,
        2359.660443245097,
        2273.5325369327606,
        2205.341689522386,
        2111.234727358986,
        2069.9415594872,
        2038.1671822189455,
        2015.5486883068756,
        1944.0205480697293,
        1891.9359910031578,
        1906.1424028112533,
        1764.703039723931,
        1738.7265049278315,
        1771.475346558483,
        1581.5460845730834,
        1563.9435667213822,
        1584.5747366830794,
        1524.008319394808,
        1469.854582658051,
        1473.6496266033635,
        1461.0933539207945,
        1324.3775561177129,
        1323.9710652236386,
        1230.1865885849538,
        1153.1219629598852,
        1184.6546624366276,
        1151.0960842700708,
        1122.2909251544495,
        1125.6492376665701,
        1156.5110884862586,
        1013.12870669534,
        1021.1043413311037,
        1033.7393536939687,
        957.0135318404397,
        904.2579401976675,
        894.1507470962849,
        867.1923836782466,
        798.1181598419842,
        703.0972286792513,
        712.9704481625389,
        723.6218390498601,
        582.9706562664492,
        614.490444318623,
        702.1387297718238,
        685.3011597978309,
        629.7574594917029,
        781.5226608168147,
        632.5881833556696,
        620.4411385177721,
        581.8156648460011,
        695.9127254621357,
        588.7369434546067,
        574.441496720551,
        544.8521588913936,
        764.7243849301168,
        613.1701622279822,
        575.3952608581975,
        488.37311645940696,
        500.26701484842533,
        557.2331221560212,
        533.7769869540602,
        523.7718150903149,
        644.6079404573917,
        581.6253852573692,
        582.4698605368317,
        591.0536937307802,
        520.891528406887,
        635.7353194216466,
        660.4769713489721,
        709.6182552905799,
        613.7574757244566,
        551.2888654343624,
        600.4312346438144,
        458.19080336550445,
        562.1869314748348,
        519.0140634631435,
        543.3828614146995,
        487.86538003691567,
        556.187086497638,
        488.0324075577107,
        517.2062997479809,
        525.5469918758308,
        497.89869208369663,
        464.9790737070938,
        489.96036989469064,
        569.3768872741265,
        539.5087231034087,
        531.9815590499983,
        654.2933939399451,
        443.7351391839642,
        475.711970931249,
        495.37083305196506,
        472.5905685965895,
        551.594450713895,
        536.2790753520128,
        504.85067565052225,
        408.4454754227441,
        581.0920307348805,
        527.5059182998982
    ],