{
    "model": "./",
    "optimizer": "Adam",
    "criterion": "MSELoss",
    "dataset_size": 10000,
    "train_size": 9000.0,
    "test_size": 1000.0,
    "n_epoch": 200,
    "batch_size": 128,
    "learning_rate": 0.001,
    "train_loss": [
        18818.149675396126,
        12296.957512654046,
        9519.432424625882,
        5919.498638314262,
        3547.515095455546,
        2264.940108178367,
        1632.0771621919014,
        1300.424701529489,
        1132.6746447925834,
        985.5853572361905,
        871.6632681833188,
        770.1260530713578,
        720.0160350530919,
        629.8118470957581,
        569.3952421806227,
        529.7754357566296,
        492.10477501237875,
        443.2206515459948,
        427.3681619133749,
        378.1693716989437,
        369.9844338860311,
        344.4955513107945,
        312.79132810780703,
        313.6123188717265,
        316.4441777618839,
        282.1012541005308,
        275.5005589874697,
        252.6026415757729,
        231.70787069831098,
        238.9879990698586,
        225.73766767474962,
        220.9191989092759,
        215.4371971882565,
        217.0600888964156,
        202.35841412611413,
        202.06681974169237,
        178.6056709826832,
        181.9898253964707,
        179.7917091477085,
        168.43102640501212,
        153.52402872434803,
        163.09038554446795,
        165.12129039495764,
        159.9213988613075,
        147.0840298289984,
        154.26129064425615,
        133.29485750869964,
        144.89017293151002,
        131.3148835947816,
        141.3574651798732,
        125.32396515322397,
        116.82169030417857,
        127.88942557321461,
        134.64183108907352,
        118.77592188875444,
        111.96838593818771,
        119.81069591683404,
        108.61310717085716,
        99.92879496829612,
        118.08725910455405,
        101.77397026814207,
        102.26589740162167,
        106.3582190930004,
        103.77802652708239,
        103.61324643417144,
        88.1153462369677,
        87.01863785864602,
        91.30155138902263,
        88.88617007833133,
        88.31567522505638,
        83.90329506027864,
        93.13224330418547,
        93.09253671135706,
        84.94034673126649,
        83.78790519606902,
        85.48801604794787,
        88.8853917726329,
        82.32891174101498,
        88.30725119147502
    ],
    "val_loss": [
        16632.719482421875,
        11160.215209960938,
        8421.794921875,
        4806.653869628906,
        2910.235870361328,
        2942.2972106933594,
        1832.6192474365234,
        2959.356231689453,
        2461.08154296875,
        1439.7423095703125,
        998.490348815918,
        2735.721710205078,
        881.9894027709961,
        1306.6412048339844,
        1308.6603240966797,
        1378.6772766113281,
        1606.3364715576172,
        554.2537612915039,
        828.0139999389648,
        1432.6261901855469,
        910.2072219848633,
        645.5270080566406,
        1074.2594299316406,
        568.9239196777344,
        2039.683120727539,
        1109.732894897461,
        536.7355880737305,
        457.12308502197266,
        442.4846649169922,
        495.2514228820801,
        696.595703125,
        868.7815017700195,
        399.5850028991699,
        463.3687858581543,
        479.55038833618164,
        407.8776092529297,
        1232.990219116211,
        879.1883850097656,
        779.7792205810547,
        739.8649215698242,
        360.41122817993164,
        495.2552070617676,
        676.8645324707031,
        430.82111740112305,
        478.6219062805176,
        523.2445945739746,
        358.39342880249023,
        368.3324432373047,
        622.6484069824219,
        336.24039459228516,
        393.1702079772949,
        369.56303787231445,
        397.93433380126953,
        436.60390853881836,
        518.1708374023438,
        490.78245544433594,
        330.9564552307129,
        568.8652420043945,
        551.925651550293,
        338.2513999938965,
        369.7720718383789,
        441.6633186340332,
        461.55284118652344,
        464.3549346923828,
        445.1303520202637,
        294.27746963500977,
        353.6640281677246,
        439.7179069519043,
        322.75256729125977,
        391.8589324951172,
        336.6226577758789,
        403.75622940063477,
        638.0295333862305,
        332.92724227905273,
        987.1225204467773,
        470.0625305175781,
        717.0849914550781,
        336.33038330078125,
        286.84973526000977
    ]
}