{
    "model": "./",
    "optimizer": "Adam",
    "criterion": "MSELoss",
    "dataset_size": 10000,
    "train_size": 9500.0,
    "test_size": 500.0,
    "n_epoch": 200,
    "batch_size": 64,
    "learning_rate": 5e-05,
    "train_loss": [
        21115.463768875834,
        14942.137472472737,
        13140.47088008599,
        11824.963945836824,
        11381.847964293205,
        11368.382773175339,
        11201.815246172398,
        11175.14423631502,
        11061.351805002096,
        12030.137085780203,
        11078.73978869546,
        11130.429556417781,
        11030.273483378776,
        11328.244625629195,
        11045.14402002936,
        11338.690010224409,
        11136.281446623327,
        11025.531223783551,
        11058.584993708053,
        11006.014720532718,
        11274.24045066066,
        11042.081664219804,
        10988.019419830118,
        11071.819965132134,
        11214.423598731119,
        10990.168276793203,
        10963.504424024752,
        11300.507943582214,
        11094.2890625,
        11174.47154205117,
        11157.3788996959,
        11072.0330785969,
        11151.786984846894,
        11769.735358116617,
        11073.817435245386,
        11051.670446203856,
        10979.240444106543,
        11397.821990352344,
        11222.01488438549,
        11036.414154257543,
        11255.530057151842,
        11098.174555631293,
        11743.620077862839,
        10928.434052537756,
        10998.743393456372,
        11088.285608483637,
        11129.059530987839,
        11434.581546245803
    ],
    "val_loss": [
        19638.017578125,
        11108.575561523438,
        20402.675048828125,
        10978.919799804688,
        11130.923461914062,
        12528.961547851562,
        10916.007690429688,
        11050.25,
        10872.938842773438,
        15104.318115234375,
        10847.397583007812,
        11411.482543945312,
        10923.934204101562,
        10933.754272460938,
        13874.2333984375,
        10884.558471679688,
        10821.371215820312,
        10886.440551757812,
        10836.078369140625,
        13407.805053710938,
        11061.427001953125,
        10810.038696289062,
        10877.45263671875,
        11532.631469726562,
        10956.3564453125,
        10904.791381835938,
        10855.450317382812,
        10798.816528320312,
        10918.799682617188,
        10852.305297851562,
        10964.89501953125,
        11336.747802734375,
        10805.195922851562,
        10904.795654296875,
        11098.618530273438,
        10879.20654296875,
        10901.416748046875,
        12494.633422851562,
        10818.784301757812,
        12636.560180664062,
        10810.200317382812,
        11333.878295898438,
        10934.009399414062,
        10846.521362304688,
        10795.650512695312,
        11374.497436523438,
        10793.57421875,
        10845.845458984375
    ]
}