{
    "model": "./",
    "optimizer": "Adam",
    "criterion": "MSELoss",
    "dataset_size": 10000,
    "train_size": 9000.0,
    "test_size": 1000.0,
    "n_epoch": 300,
    "batch_size": 32,
    "learning_rate": 0.0001,
    "train_loss": [
        21188.55841367465,
        19548.857366467186,
        18125.44899711881,
        16808.3935269836,
        15554.087887162008,
        14487.423564937952,
        13479.573325299203,
        12643.95297609153,
        11889.257971797439,
        11287.414675448803,
        10728.442199274163,
        10274.233294547867,
        9844.122409685286,
        9438.357896304293,
        9153.992667123775,
        8877.529116799653,
        8627.238457862371,
        8336.803814827123,
        8009.052083333333,
        7720.586072556519,
        7447.075349415446,
        7258.121528354948,
        7075.945078748332,
        6879.826926806292,
        6744.063407302749,
        6596.187138117799,
        6467.361260596738,
        6347.433361729829,
        6234.32163016678,
        6120.539784532912,
        5959.613289907469,
        5754.759476465534,
        5568.822785073143,
        5336.717202044544,
        5113.767777246781,
        4936.603891359155,
        4746.1847746287685,
        4596.9549404712425,
        4435.10393118351,
        4293.927369895555,
        4192.053373296211,
        4087.3077660959652,
        4007.81128882009,
        3919.3850054368913,
        3797.9501295157334,
        3705.2364735704764,
        3627.3948550393407,
        3521.238164374168,
        3397.0984882327693,
        3326.485661499889,
        3243.491262882316,
        3178.3870685117486,
        3112.614169506317,
        3019.4671604886958,
        2950.3508569162796,
        2868.7198070769605,
        2786.5040040793997,
        2684.2688828055743,
        2602.505459399934,
        2538.1258943165476,
        2448.540972770528,
        2362.5319010416674,
        2275.005752888131,
        2173.4041994784734,
        2101.9461479457564,
        2026.370150518755,
        1942.8240451677475,
        1853.2916787871245,
        1791.7842814127623,
        1724.1896474851792,
        1660.7578025439118,
        1595.5496579433993,
        1559.2114656056065,
        1532.90097803427,
        1489.5959879557302,
        1446.0270195277867,
        1372.518674809882,
        1330.6248361573998,
        1266.8850119299934,
        1213.4030127559142,
        1146.8746829201996,
        1103.650120079095,
        1076.268919816254,
        1059.8221991789258,
        1022.0776758937978,
        1012.8070178742099,
        985.4298589178862,
        996.2215660582195,
        963.8895835064822,
        950.6500783068075,
        920.46548526845,
        904.5363838791,
        931.3657330452127,
        901.5525558147028,
        884.7646674839316,
        877.5856301598517,
        867.7992967105074,
        859.5603771886082,
        868.8006966232409,
        840.1895438119873,
        851.7315989825739,
        831.7211598064879,
        820.3949507043718,
        833.8755358973294,
        817.5732255218717,
        811.8498433430989,
        807.8673931148874,
        814.0755613070013,
        794.0274019714792,
        790.3492327750998,
        799.4466901197497,
        774.2025384564768,
        768.7182173492221,
        776.5385512764575,
        760.4196567400131,
        768.9885007168388,
        753.8941920936533,
        746.3515064428884,
        744.9528162530121,
        740.6616362443204,
        744.3666286603789,
        741.3431457086658,
        727.2926969054739,
        728.9868933495051,
        721.6968065627077,
        724.9796852490581,
        703.7087053880626,
        697.7449398176044,
        705.1780514548011,
        716.3699555092666,
        690.0183458260612,
        700.4943668013765,
        700.073606991599,
        693.3243565119747,
        688.4126677817488,
        672.080983479818,
        682.0690802175104,
        675.2846238156584,
        667.7860001367878,
        669.3423740035249,
        667.6143930854524,
        655.5174492369307,
        662.2919562590033,
        662.4964155914091,
        648.693967778632,
        649.7088206406182,
        651.0970194931572,
        645.6234765018976,
        627.8733837587617,
        633.7439271101719,
        629.4176364114095,
        627.864624997403,
        632.3829765590366,
        621.0080543680396
    ],