{
    "model": "./",
    "optimizer": "Adam",
    "criterion": "MSELoss",
    "dataset_size": 100000,
    "train_size": 99000.0,
    "test_size": 1000.0,
    "n_epoch": 200,
    "batch_size": 64,
    "learning_rate": 0.0001,
    "train_loss": [
        4154.750412214171,
        1724.6825744984026,
        950.8365615420583,
        621.5548836449773,
        548.5873995819779,
        480.15725023482946,
        442.9703501705675,
        450.68284655264614,
        461.01821956622246,
        375.22477281270875,
        329.86648111768784,
        428.4897683654658,
        381.11790950605035,
        354.7120837931028,
        312.4655282156813,
        275.67632396774354,
        271.4664874875168,
        276.9722248020676,
        273.1550360336255,
        277.03137852102265,
        287.0676208969537,
        243.7058327199569,
        338.9296319686595,
        229.89436362031697,
        276.5819901785084,
        320.7667930716458,
        329.1032888243569,
        278.97786301832923,
        242.41681284001388,
        238.18141611268166,
        297.54716889197056,
        255.78623756255806,
        228.13189726856,
        199.9352771682591,
        219.22542556733103,
        226.58889476576442,
        194.26904467513032,
        224.71352936363112,
        255.40789995150328,
        267.6852380497343,
        205.63696173659918,
        228.44252902858844,
        235.33839963926565,
        227.04935319699533,
        251.75532493270748,
        194.4230119129421,
        252.91011510946402,
        216.91965558101995,
        237.98809357774394,
        216.71832764618716,
        224.24880298893132,
        230.5642336233249,
        188.59240145643193,
        228.3577612770246,
        164.54325127925262,
        239.71858525045002,
        275.98289472978144,
        225.38404898467843,
        184.44490709163026,
        198.39251640926437,
        162.73748754638206,
        254.98216591793766,
        184.7318405516319,
        224.48386914204508,
        179.44387878536313,
        171.20305919092388,
        189.9122630084186,
        158.7620140524471,
        391.6524057715031,
        182.6653076743954,
        249.77681076750108,
        202.1039612861935,
        207.6931472216103,
        198.53043005955044,
        185.2629698523417,
        164.70703050037645,
        180.08948473939571,
        192.1278403145927,
        149.60586479300446,
        156.7052300224478,
        192.0773825667025,
        152.1976813850821,
        153.3730200266329,
        187.94988667464025,
        179.66668378636373,
        176.92178855654365,
        188.795718133257,
        155.2459722221781,
        155.14457032907052,
        169.3626450857348,
        157.66928384653892,
        159.7366380549739,
        180.80634470115433,
        215.53001842733022,
        199.73253354921462,
        152.03318826074977,
        205.1264339513598,
        181.7711170692175,
        162.72118188800064,
        230.2008339130419,
        183.13849088031398,
        172.7578080614383,
        154.19151535971247,
        190.95541061273147,
        181.9943383185414,
        192.4088274136464,
        174.35606328055528,
        149.89759132271834,
        235.23173491386103,
        153.39166915193275,
        190.98292134142577,
        224.12021520080765,
        257.14497406065055,
        171.86603498304774,
        150.92997235703172,
        185.18902629317168,
        138.8399610562561,
        172.819898895086,
        294.110048467911,
        242.3405976446506,
        172.47887458628674,
        191.71626581587736,
        168.4822765367605,
        145.2905711572865,
        141.99460127373686,
        212.3525934496768,
        158.92210054798272,
        167.55821979623818,
        207.36134542552725,
        201.39370344836396,
        147.17498960291562,
        148.05440173059702,
        188.5962180770744,
        175.47848781001278,
        202.7466969012288,
        177.312016541987,
        170.2364399373027,
        201.89411428164277,
        218.76069088758945,
        189.5531645406812,
        178.97653665770667,
        174.18245363143023,
        171.2308748192224,
        176.30202714442913,
        178.43000108932148,
        175.19397549669284,
        153.18903492864038,
        279.7117255913031,
        162.83281679652737,
        229.65164648153424,
        176.52475541749166,
        161.44880287648806,
        148.44728637281062,
        162.2237437370906,
        189.35715294747345,
        183.44960344508155,
        169.59349316508832,
        164.09254844187132,
        194.28884392549105,
        157.32223586690944,
        133.53999377930643,
        150.81662253618413,
        169.16951951444193,
        182.04500688825323,
        158.03330436366255,
        145.08859815640696,
        148.9367952352967,
        136.40414286183793,
        150.46054258636298,
        164.48216631247575,
        191.59993692113238,
        160.91742841921555,
        163.26621755786164,
        182.08765392143218,
        148.10000512210007,
        162.92581868187108,
        142.85091568318674,
        206.97280546458336,
        159.0369840398791,
        130.4297201184972,
        149.40230606661032,
        147.29735452248798,
        146.5734625029117,
        160.7644528547411,
        189.1519511246883,
        146.1098196995051,
        139.7820546668654,
        192.79256524528023,
        187.69792839104528,
        145.37993682486507,
        169.82287923150767,
        164.96222855926118,
        175.76580836191897,
        134.66062171704243,
        143.25480099501104,
        155.0824480506785,
        163.6255746753892,
        138.73730671444326,
        147.25753301855985,
        181.43198502780382
    ],