{
    "model": "./",
    "optimizer": "Adam",
    "criterion": "MSELoss",
    "dataset_size": 10,
    "train_size": 9.0,
    "test_size": 1.0,
    "n_epoch": 50,
    "batch_size": 16,
    "learning_rate": 0.02,
    "train_loss": [
        22086.5625,
        21614.55859375,
        22907.740234375,
        21292.80078125,
        21715.123046875,
        21757.91796875,
        21685.408203125,
        21552.484375,
        21376.126953125,
        21320.69140625,
        21212.01171875,
        21048.158203125,
        21058.119140625,
        21104.4296875,
        21092.1640625,
        21064.3671875,
        21038.9609375,
        21021.107421875,
        21010.619140625,
        21005.259765625,
        21002.830078125,
        21003.453125,
        21002.53515625,
        20999.044921875,
        20995.490234375,
        20993.44140625,
        20993.14453125,
        20993.91015625,
        20994.275390625,
        20993.677734375,
        20992.6875,
        20991.708984375,
        20990.951171875,
        20990.490234375,
        20990.41015625,
        20990.572265625,
        20990.748046875,
        20990.779296875,
        20990.65234375,
        20990.416015625,
        20990.125,
        20989.84375,
        20989.669921875,
        20989.634765625,
        20989.681640625,
        20989.6953125,
        20989.626953125,
        20989.4765625,
        20989.4765625,
        20989.271484375
    ],
    "val_loss": [
        17609.82421875,
        24526.8125,
        17766.271484375,
        17088.2265625,
        16830.875,
        16449.646484375,
        15976.0361328125,
        15474.3994140625,
        15619.7783203125,
        16963.349609375,
        18055.4375,
        18644.16015625,
        18489.193359375,
        18062.279296875,
        17832.837890625,
        17743.658203125,
        17727.478515625,
        17732.3515625,
        17742.923828125,
        17714.09765625,
        17685.609375,
        17670.060546875,
        17659.27734375,
        17646.30078125,
        17631.29296875,
        17618.62109375,
        17599.5078125,
        17569.244140625,
        17533.359375,
        17508.818359375,
        17503.982421875,
        17516.22265625,
        17543.9140625,
        17580.02734375,
        17615.916015625,
        17644.279296875,
        17661.365234375,
        17667.86328125,
        17667.56640625,
        17664.841796875,
        17662.39453125,
        17660.44921875,
        17657.150390625,
        17650.421875,
        17639.66796875,
        17626.673828125,
        17614.8046875,
        17607.3828125,
        17605.90234375,
        17607.576171875
    ]
}