{
    "model": "./",
    "optimizer": "Adam",
    "criterion": "MSELoss",
    "dataset_size": 10,
    "train_size": 9.0,
    "test_size": 1.0,
    "n_epoch": 20,
    "batch_size": 32,
    "learning_rate": 0.01,
    "train_loss": [
        22086.484375,
        21874.533203125,
        21435.77734375,
        21365.83203125,
        21065.87109375,
        21014.455078125,
        21068.501953125,
        21099.0390625,
        21092.994140625,
        21064.44921875,
        21031.404296875,
        21008.46875,
        20997.11328125,
        20992.666015625,
        20989.478515625,
        20983.810546875,
        20970.916015625,
        20949.49609375,
        20917.498046875,
        20865.345703125
    ],
    "val_loss": [
        17315.0,
        17529.150390625,
        19642.935546875,
        18659.1171875,
        17792.728515625,
        17373.173828125,
        17189.310546875,
        17130.259765625,
        17142.537109375,
        17196.287109375,
        17262.490234375,
        17344.71875,
        17440.59375,
        17550.4609375,
        17659.62109375,
        17738.322265625,
        17770.55859375,
        17768.529296875,
        17796.177734375,
        17843.546875
    ]
}