{
    "model": "./",
    "optimizer": "Adam",
    "criterion": "MSELoss",
    "dataset_size": 1000,
    "train_size": 900.0,
    "test_size": 100.0,
    "n_epoch": 50,
    "batch_size": 64,
    "learning_rate": 0.02,
    "train_loss": [
        22075.872265624996,
        20155.664062500004,
        13142.730989583335,
        12048.158333333335,
        11460.757812499998,
        11026.95390625,
        10040.936653645833,
        8594.532031249999,
        7038.562923177083,
        6419.046028645832,
        5966.416601562501,
        5605.417903645834,
        6112.479427083334,
        5644.452311197917,
        5201.227148437501,
        4511.272314453125,
        4403.813671875,
        4147.320279947917,
        3907.518684895833,
        3813.0708984374996,
        3754.715266927083,
        3656.8331380208338,
        3522.0307128906247,
        3402.4553873697914,
        3225.775358072917,
        3212.644514973958,
        3053.914778645833,
        3045.979752604166,
        2857.2472493489586,
        2736.398990885417,
        3040.0990397135415,
        2674.591422526042,
        2423.6304524739585,
        2418.733487955729,
        2385.8750488281257,
        2320.7203776041665,
        2286.931616210937,
        2269.5549886067706,
        2181.6266276041665,
        2160.0946370442707,
        2051.6111979166667,
        2059.809358723958,
        2052.343310546875,
        2083.008780924479,
        1932.589982096354,
        2037.2702718098958,
        2063.795841471354,
        1809.5399332682289,
        1731.3523763020835,
        1751.2483154296872
    ],
    "val_loss": [
        22677.982421875,
        14874.9091796875,
        12664.677734375,
        11675.626953125,
        10980.77294921875,
        10702.15283203125,
        9050.35595703125,
        7577.560791015625,
        7058.819091796875,
        6411.14453125,
        5893.263671875,
        5942.69970703125,
        5757.942138671875,
        5397.37939453125,
        5213.76708984375,
        5059.032958984375,
        4531.7783203125,
        4258.437255859375,
        4221.7913818359375,
        4215.349365234375,
        4186.4036865234375,
        4049.987060546875,
        4120.8994140625,
        3860.6171875,
        4210.268798828125,
        3877.0303955078125,
        3569.590576171875,
        3706.921875,
        3815.35205078125,
        4336.2646484375,
        3444.18896484375,
        3341.7130126953125,
        3324.3338623046875,
        3221.13037109375,
        3334.9788818359375,
        3402.48486328125,
        3353.289306640625,
        3188.5382080078125,
        3173.8536376953125,
        3073.141357421875,
        3216.871826171875,
        3102.1385498046875,
        3287.58056640625,
        3131.962646484375,
        3239.8701171875,
        3359.508544921875,
        3099.1466064453125,
        3008.032470703125,
        3218.3568115234375,
        3084.355224609375
    ]
}