{
    "model": "./",
    "optimizer": "Adam",
    "criterion": "MSELoss",
    "dataset_size": 20000,
    "train_size": 19000.0,
    "test_size": 1000.0,
    "n_epoch": 200,
    "batch_size": 64,
    "learning_rate": 5e-05,
    "train_loss": [
        15874.820125078906,
        11163.592263783672,
        11012.640795980646,
        10286.369877156996,
        9579.52653816814,
        9388.880441787662,
        8547.44611479377,
        8039.337890625005,
        7516.50310724432,
        6610.463367397939,
        6485.873370751794,
        6242.840243252842,
        6022.168458675298,
        5870.879384666981,
        5785.90182587595,
        5537.478431778727,
        4924.577717276935,
        4533.844189781935,
        4033.478425202545,
        3795.3676946877627,
        3754.0309326993893,
        3712.065478186814,
        3679.7855516427303,
        3613.3170293429075,
        3445.442395964859,
        3328.9203879616475,
        3292.5271292021807,
        3256.990928983849,
        3084.3730929082517,
        2807.523435855955,
        2625.6192606402565,
        2539.3993713173404,
        2511.7194331005367,
        2502.1339353824683,
        2478.629385489006,
        2465.171075172296,
        2400.287359269782,
        2239.57326725918,
        2098.4996292679393,
        1985.19931862571,
        1852.3275923295437,
        1758.159748937947,
        1532.741614550454,
        1454.6855949633054,
        1404.9402258259686,
        1287.269533716067,
        1200.351376311948,
        1161.8400837805132,
        1146.808953590264,
        1088.3544260147041,
        967.1712490300135,
        908.6775420217803,
        851.5008976483585,
        709.7077630553579,
        651.326661903047,
        583.8830126624313,
        374.4144779295234,
        221.58753715540837,
        168.83483008182418,
        157.72011450565228,
        136.95442590167625,
        134.13113765523892,
        120.25471075295593,
        115.53882976493449,
        106.33423221472538,
        104.07252564093078,
        99.29111067132919,
        97.09156213625516,
        88.50540076361763,
        84.25146742541381,
        74.26030809550173,
        79.48327264239893,
        72.82046321265219,
        68.69113182299061,
        60.64927338108872,
        66.21325892952552,
        57.558364303023744,
        54.42396194766269,
        55.097971020322824,
        52.107010555588474,
        46.818435001052194,
        49.14606897116509,
        45.60614943584612,
        43.439554837416345,
        43.11803947474416,
        41.88329491149697,
        46.21195437370321,
        37.99267020048918,
        42.64133323001537,
        39.31643284370601,
        35.035332650849305,
        36.79578182592937,
        36.46652500396625,
        38.658744503753354,
        39.012609269883896,
        31.516281872887383,
        35.01439257663509,
        35.31892120155821,
        30.685789159652757,
        33.2403332552926,
        30.711884906396303,
        32.06671251752962,
        32.51635346589266,
        31.60282827948883
    ],
    "val_loss": [
        11282.476135253906,
        11183.575256347656,
        11299.342041015625,
        9785.734191894531,
        9522.126892089844,
        9151.578430175781,
        22798.893310546875,
        13928.246704101562,
        13062.673156738281,
        6624.427490234375,
        6707.901214599609,
        6400.873229980469,
        5855.224029541016,
        6458.737609863281,
        5727.31787109375,
        6277.508636474609,
        5969.050445556641,
        6169.044647216797,
        9404.021850585938,
        4702.240386962891,
        3633.602813720703,
        4114.08219909668,
        3866.152374267578,
        3987.0924377441406,
        7706.221405029297,
        18539.975830078125,
        5386.3809814453125,
        15842.455505371094,
        8050.416229248047,
        46818.26171875,
        17528.079162597656,
        7105.518951416016,
        4726.868713378906,
        5623.4627685546875,
        2645.9947967529297,
        22625.109252929688,
        12479.823913574219,
        2435.317840576172,
        3054.2330627441406,
        20521.6708984375,
        2466.383255004883,
        1969.7346496582031,
        2498.3878326416016,
        2673.523910522461,
        4142.987777709961,
        2170.389617919922,
        1633.8176803588867,
        1340.367057800293,
        1806.7013702392578,
        7401.868438720703,
        3706.7574462890625,
        5539.638763427734,
        2676.953598022461,
        2029.415542602539,
        1244.3764190673828,
        5158.9278564453125,
        6107.85693359375,
        986.0952072143555,
        3506.649658203125,
        2368.7364349365234,
        1809.628074645996,
        930.6897850036621,
        3860.3919982910156,
        392.3801670074463,
        13420.017761230469,
        1001.1733245849609,
        4369.351226806641,
        2015.703712463379,
        1253.2790832519531,
        7623.028564453125,
        1438.0042419433594,
        1363.1889190673828,
        13845.564453125,
        3150.93408203125,
        628.3421401977539,
        7536.280426025391,
        570.5128746032715,
        179.11354637145996,
        3616.771743774414,
        1047.9359588623047,
        547.3502101898193,
        7507.537841796875,
        3068.2990112304688,
        1562.3428573608398,
        1261.7088241577148,
        2482.3831787109375,
        494.6718864440918,
        3356.5926208496094,
        1212.0952453613281,
        873.5019264221191,
        1036.9509887695312,
        683.230167388916,
        165.03170776367188,
        458.1750316619873,
        1481.405029296875,
        390.48075103759766,
        710.9523468017578,
        446.76758575439453,
        4904.043182373047,
        541.4469909667969,
        716.9596405029297,
        1086.3830032348633,
        558.0727348327637,
        2174.789405822754
    ]
}